id,name
0,"Brush hair: A person uses a hairbrush or comb to groom their hair, making repeated strokes through the strands."
1,"Cartwheel: A gymnastic move where a person places their hands on the ground and rotates their body sideways in a circular motion, landing on their feet."
2,"Catch: A person receives and holds an object thrown or dropped (e.g., catching a ball, frisbee, or other item) with hands."
3,Chew: A person moves their jaw repeatedly to break down food in their mouth.
4,"Clap: Hands strike each other, usually repeatedly, producing sound (applause)."
5,"Climb: A person ascends a vertical or inclined structure (e.g., wall, tree, ladder, or rock face)."
6,Climb stairs: A person ascends a staircase step by step.
7,Dive: A person jumps headfirst into water or performs a diving motion into a surface.
8,Draw sword: A person unsheathes a sword from its scabbard in a deliberate motion.
9,Dribble: A person repeatedly bounces or controls a ball (commonly a basketball or soccer ball) while moving.
10,"Drink: A person consumes liquid by bringing a cup, bottle, or container to the mouth."
11,"Eat: A person consumes solid food, typically bringing it to the mouth and chewing."
12,Fall floor: A person loses balance and collapses onto the ground.
13,"Fencing: Two participants engage in a sport duel using swords (foil, épée, or sabre) with protective gear."
14,"Flic flac: A gymnastic back handspring where a person flips backward, pushing off with hands and landing on feet."
15,"Golf: A person swings a golf club to strike a golf ball, typically on a course or practice range."
16,"Handstand: A person balances upside down on their hands, with legs extended upward."
17,"Hit: A person strikes an object or another person using hand, arm, or an object."
18,Hug: A person wraps arms around another person in an embrace.
19,"Jump: A person propels themselves off the ground with both feet, becoming airborne."
20,"Kick: A person strikes outward with a foot, targeting an object, person, or into open air."
21,"Kick ball: A person strikes a ball with the foot, sending it forward."
22,Kiss: A person presses their lips against another person (or object) in a gesture of affection or greeting.
23,"Laugh: A person produces vocal and facial expressions of amusement (smiling, chuckling, or loud laughter)."
24,"Pick: A person selects or lifts an object, often using fingers or hand (e.g., picking fruit, picking up an item)."
25,Pour: A person tilts a container to transfer liquid into another container.
26,Pullup: A person grips a horizontal bar and pulls their body upward until the chin passes the bar.
27,Punch: A person strikes forward with a closed fist.
28,Push: A person applies force by extending arms to move an object or person away.
29,Pushup: A person performs an exercise by lowering and raising the body using arms while facing downward on the ground.
30,Ride bike: A person pedals and balances on a bicycle in motion.
31,Ride horse: A person sits on and directs a horse in motion.
32,"Run: A person moves quickly on foot, alternating steps at high speed."
33,Shake hands: Two people grasp each other’s hands and move them slightly up and down in greeting or agreement.
34,"Shoot ball: A person attempts to score by propelling a ball toward a goal/hoop (basketball, soccer, etc.)."
35,Shoot bow: A person pulls back a bowstring and releases an arrow.
36,Shoot gun: A person fires a firearm by pulling the trigger.
37,"Sit: A person lowers the body onto a surface (chair, bench, floor) with hips supported."
38,Situp: A person performs an abdominal exercise by rising from a lying to a seated position.
39,"Smile: A person curves the lips upward, often showing pleasure or friendliness."
40,"Smoke: A person inhales or exhales smoke from a cigarette, cigar, or pipe."
41,"Somersault: A person rolls forward or backward over the head and back, either on the ground or in the air."
42,Stand: A person rises to and maintains an upright position on both feet.
43,Swing baseball: A person swings a bat in an attempt to hit a baseball.
44,Sword: A person handles or brandishes a sword in non-sport context (not fencing or exercise).
45,"Sword exercise: A person practices stylized sword movements, often martial arts forms or drills."
46,"Talk: A person engages in spoken communication with others, using mouth movements and gestures."
47,Throw: A person propels an object through the air by moving the arm and releasing it.
48,Turn: A person rotates their body or head to change direction.
49,Walk: A person moves forward step by step at normal pace with alternating feet.
50,Wave: A person raises and moves their hand (side-to-side or up-and-down) as a greeting or signal.
